1911 POV,advert,Autobiography,By whom,Catholic-cleanup,Cherry picked,Self-published inline,Coat rack,COI,COI-check,COI-section,Like-resume,Lopsided,Magazine,manual,Memorial,NPOV disputes progress,NPOV language,Obituary,Partisan sources,pbneutral,Peacock,POV,POV-check,POV-check-section,POV-lead,POV-map,POV-section,POV-statement,POV-title,Pseudo,Puffery,Recentism,Self-published,Story,Systemic bias,Tone,Too few opinions,Unbalanced,Unbalanced section,Undue,undue-inline,USgovtPOV,Weasel,Which?,Who
1911POV,AdAD,Autobio,     By whom,Catholic-cleanup,Cherry picked,Self-published inline,Coat rack,COI,COI-check,COI-section,Like-resume,Lopsided,Magazine,manual,Memorial,NPOV disputes progress,NPOV language,Obituary,Partisan sources,pbneutral,Peacock,POV,POV-check,POV-check-section,POV-lead,POV-map,POV-section,POV-statement,POV-title,Pseudo,Puffery,Recentism,Self-published,Story,Systemic bias,Tone,Too few opinions,Unbalanced,Unbalanced section,Undue,undue-inline,USgovtPOV,Weasel,Which?,Who
,Advertisement,AUTO,     By who,,Cherrypicked,     SPS,     Bio-coatrack,Autobiography,,,Likeresume,,,Guidebook,,,,Obit,Partisan,,,Npov,     NPOV Check,Pov-check-section, Npov-intro,,     NPOV sect,     FixPOV,     NPOV-title,,Wikipuffery,Recent,     Secondary,,,Cleanup tone,Toofewopinions,Topheavy,Unbalanced-section,Emphasis,,,Weasel words,Which,     Weasel-name
,Cleanup-advert,,     By who?,,,     Self-citation,     Coat,COI-check,,,Cleanup-resume,,,,,,,,,,,Pov,     NPOV check,, POV intro,,     NPOV-sect,     FixPov,     Npov-title,,,,     Self published,,,Cleanup-tone,,Balanced,Undue weight,,,,Weaselwords,,     Who?
,Cleanup-ad,,     By whom?,,,     Self-published-inline,     Coatrack,COI-section,,,LikeResume,,,,,,,,,,,Npov,     POV Check,, POV-intro,,     NPOV-section,     Fixpov,     POV title,,,,     Selfpublished,,,Formal,,Limited,,,,,Weasel-words
,Advertising,,     Bywho,,,,,Uw-coi,,,,,,,,,,,,,,Neutrality,     POV check,, POV-lede,,     Neutrality-section,     NPOV-inline,     TitleDisputed,,,,,,,Formal tone
,Cleanup-advertising,,     Bywho?,,,,,,,,,,,,,,,,,,,Point Of View,     POV-Check,, Pov-intro,,     Npov section,     NPOV-statement,     TitleNPOV,,,,,,,Inappropriate tone
,Advertisment ,,     Bywhom,,,,,,,,,,,,,,,,,,,Pov,     POVCheck,,,,     Npov-section,     Neutrality disputed,,,,,,,,Inappropriatetone
,Adcopy,,     Bywhom?,,,,,,,,,,,,,,,,,,,Neutral,     POVcheck,,,,     POV section,     Neutrality is disputed,,,,,,,,Unencyclopædic tone
,,,     Whom,,,,,,,,,,,,,,,,,,,bias,     Pov Check,,,,     POV-Section,     Npov-inline,,,,,,,,Unencyclopædic-tone
,,,,,,,,,,,,,,,,,,,,,,Bias,     Pov check,,,,     POV-sect,     POV assertion,,,,,,,,Unencyclopaedic tone
,,,,,,,,,,,,,,,,,,,,,,Biased,     Pov-Check,,,,     POV-section-date,     POV statement,,,,,,,,Unencyclopedic tone
,,,,,,,,,,,,,,,,,,,,,,NPOV-dispute,     Pov-check,,,,     POVdispute,     POV-Statement
,,,,,,,,,,,,,,,,,,,,,,Neutral,     Povcheck,,,,     POVsect,     POV-assertion
,,,,,,,,,,,,,,,,,,,,,,POV dispute,,,,,     POVsection,     POV-inline
,,,,,,,,,,,,,,,,,,,,,,PoV,,,,,     Pov section,     POV?
,,,,,,,,,,,,,,,,,,,,,,Point Of View,,,,,     Pov-sect,     POVassertion
,,,,,,,,,,,,,,,,,,,,,,,,,,,     Pov-section,     Pov statement
,,,,,,,,,,,,,,,,,,,,,,,,,,,     Povsect,     Pov-inline
,,,,,,,,,,,,,,,,,,,,,,,,,,,     Sect-POV,     Pov-statement
,,,,,,,,,,,,,,,,,,,,,,,,,,,     SectNPOV,     Pov?
,,,,,,,,,,,,,,,,,,,,,,,,,,,     SectPOV,     Povs
,,,,,,,,,,,,,,,,,,,,,,,,,,,     Sectnpov