3O,3OR,3OR/doc,Accessibility dispute,Cleanup-articletitle,Conflated,Content,Controversial,Dispute about,Dispute progress,Dispute-resolution,Disputed,Disputed chem,Disputed title,Disputed-category,Disputed-list,Disputed-section,Disputed-section/sandbox,Disputedtag,Hidden content dispute,Jew-MJ dispute,List dispute,List missing criteria,Out of date,Pbneutral,Policycontroversy,Rfc,RFCheader,Third opinion,Under discussion
3O,3OR,3OR/doc,Accessibility dispute,Cleanup-articletitle,Conflated,Content,Controversial,Dispute about,Dispute progress,Dispute-resolution,Disputed,Disputed chem,Disputed title,Disputed-category,Disputed-list,Disputed-section,Disputed-section/sandbox,Disputedtag,Hidden content dispute,Jew-MJ dispute,List dispute,List missing criteria,Out of date,Pbneutral,Policycontroversy,Rfc,RFCheader,Third opinion,Under discussion
3o,,,Access,Cleanup-name,,,Controversial2,Disputeabout,Articles with disputed statements progress,Dispute resolution,BLP dispute,,Accuracy-title,,Disputedinclusion,Disputed-section/doc,,Demote,Hcd,ChristTrekker/Jew-MJ dispute,Listdisp,List criteria,Out-of-date,,,RFC,,,Underdiscussion
,,,AccessibilityDispute,Cleanup-title,,,Controversy,,,,BLPdispute,,Title disputed,,,Accuracy-section,,Disputedpolicy,Hidden talk top,,,,Outdated,,,RfC
,,,Wai-problem,,,,,,,,Blpdispute,,Title-disputed,,,Disputed section,,Disputedpolicy-section,,,,,Outofdate,,,Rfctag
,,,Wcag-problem,,,,,,,,Accuracy,,,,,Disputed-sect
,,,,,,,,,,,Content disputed,,,,,Disputedsection
,,,,,,,,,,,Dispute,,,,,Dsection
,,,,,,,,,,,,,,,,SectDisputed
,,,,,,,,,,,,,,,,Sectfact
,,,,,,,,,,,,,,,,Section-POV
,,,,,,,,,,,,,,,,Section-disputed